{
    "predict_bleu-4": 67.03226471962617,
    "predict_model_preparation_time": 0.0045,
    "predict_rouge-1": 89.56726869158878,
    "predict_rouge-2": 81.59362429906541,
    "predict_rouge-l": 81.31668925233646,
    "predict_runtime": 420.7626,
    "predict_samples_per_second": 1.017,
    "predict_steps_per_second": 0.254
}