{
    "predict_bleu-4": 94.57329696261684,
    "predict_model_preparation_time": 0.0036,
    "predict_rouge-1": 98.25286004672897,
    "predict_rouge-2": 97.88407336448599,
    "predict_rouge-l": 97.63474626168224,
    "predict_runtime": 207.0077,
    "predict_samples_per_second": 2.068,
    "predict_steps_per_second": 0.517
}