{
    "predict_bleu-4": 66.8447656542056,
    "predict_model_preparation_time": 0.0045,
    "predict_rouge-1": 89.4066988317757,
    "predict_rouge-2": 81.61303294392523,
    "predict_rouge-l": 81.59941098130841,
    "predict_runtime": 368.3362,
    "predict_samples_per_second": 1.162,
    "predict_steps_per_second": 0.29
}