{
    "predict_bleu-4": 67.28539929906542,
    "predict_model_preparation_time": 0.0044,
    "predict_rouge-1": 89.7844663551402,
    "predict_rouge-2": 81.91160210280373,
    "predict_rouge-l": 81.74484953271028,
    "predict_runtime": 382.7335,
    "predict_samples_per_second": 1.118,
    "predict_steps_per_second": 0.28
}