{
    "eval_bleu-4": 89.87864078014185,
    "eval_model_preparation_time": 0.0045,
    "eval_rouge-1": 94.5595585106383,
    "eval_rouge-2": 92.71147890070921,
    "eval_rouge-l": 93.37545656028368,
    "eval_runtime": 733.6578,
    "eval_samples_per_second": 0.769,
    "eval_steps_per_second": 0.192
}