{
    "predict_bleu-4": 89.87864078014185,
    "predict_model_preparation_time": 0.0045,
    "predict_rouge-1": 94.5595585106383,
    "predict_rouge-2": 92.71147890070921,
    "predict_rouge-l": 93.37545656028368,
    "predict_runtime": 731.9715,
    "predict_samples_per_second": 0.771,
    "predict_steps_per_second": 0.193
}